rainfall_mm,avg_temperature,humidity,num_hives,hive_type,colony_strength,disease_status,experience_years,inspection_frequency,honey_yield_kg
859.6056983613479,28.85235509506328,83.99355436586002,40,modern,medium,yes,11,1,2802.2215691050465
783.4082838594578,30.81883328094026,79.24633682912769,28,traditional,medium,no,15,1,2554.8596439727844
877.7226245720831,24.202864852361717,70.59630369920174,58,traditional,weak,yes,16,9,3382.5491926779473
982.763582768963,28.12593847338114,63.53063222294426,55,traditional,medium,no,17,6,3568.2419452067215
771.9015950331997,25.698714861756347,76.9822331361359,28,modern,strong,no,2,5,2522.9135162154444
771.9035651660984,26.02574923247061,73.9348538542175,31,traditional,strong,yes,18,1,2542.1179828524396
989.505537860887,25.81521215152226,78.95193220027733,33,traditional,medium,no,12,6,2940.9688444279177
892.092167498349,25.272018460640368,76.35171801681969,54,modern,medium,no,19,6,3654.2060210489194
743.6630736878058,27.097043255889655,80.49552715319335,21,modern,medium,no,18,3,2708.0184793097555
865.1072052303158,25.338099767177923,64.64764788439432,39,modern,medium,no,17,8,2949.783243696723
744.3898768625045,27.540913651559677,83.17394065634326,47,modern,weak,no,6,1,2874.1896976923917
744.1124295715691,26.899523781101728,71.975996046924,40,modern,medium,no,15,1,3055.389655784971
829.0354725879241,26.52210390626718,90.75260872625265,45,traditional,weak,no,3,6,2964.27601964675
570.4063706410643,25.184872675916804,63.10812181910432,28,traditional,strong,no,6,1,1967.531867173072
593.0098600984361,25.846457338863335,87.3596380316525,57,modern,medium,yes,3,6,3062.175643874389
732.5254964910832,28.51078245165151,71.97910783462648,54,modern,weak,no,1,1,3063.760254662467
678.4602655598692,28.001834375248762,63.48581996385552,45,modern,medium,no,13,6,3000.347322589859
837.7096799114329,25.044889510402896,65.16114165945679,39,modern,strong,yes,14,3,2738.22512999122
691.0371109374547,27.19866461085845,66.7965269180568,58,modern,strong,yes,13,8,3467.1569735298617
630.523555839765,28.502774246743577,74.24165946401916,42,traditional,strong,no,4,6,2797.8374136298553
975.8778522705865,23.66118943775726,75.228354880355,27,traditional,medium,no,7,1,2361.580061061088
772.9068439416158,28.08672038475987,64.26299996061421,58,traditional,medium,yes,10,5,2974.91298297747
808.1033845625509,25.674752482108307,69.75645407739017,37,traditional,weak,yes,7,8,2519.0303150182303
629.0302176543852,28.14119733718632,91.42270358611864,56,modern,strong,no,15,3,3725.818831814014
734.674073056978,25.473481686914965,87.27543170100711,20,traditional,medium,no,15,6,2122.415615787231
813.3107107651839,23.39023579867096,74.36323669674032,54,modern,strong,no,4,5,3309.3833179939124
661.8807707093237,23.744915124233675,70.380034781682,42,modern,strong,no,6,6,3036.7787272581704
845.0837622014807,27.096169893322763,71.20031326718261,26,modern,weak,no,5,1,2548.11447642154
727.9233572097434,27.519445003442964,76.13517972730416,15,traditional,weak,no,12,7,2151.9026889678917
764.9967500248068,25.191366749791182,59.77207434801595,13,modern,weak,no,1,9,1871.117465724999
727.7952065324723,28.27718491755475,67.42623462576655,29,traditional,weak,no,8,2,2156.214309320107
1022.2733821410725,23.67695987546208,53.314159261224106,57,traditional,strong,no,1,5,3415.4989224911365
798.3803330314479,26.867840402705365,73.9922312260528,56,modern,weak,yes,5,4,3051.65647887119
673.074688525292,24.577967600475088,76.4719593970274,36,modern,weak,no,6,6,2664.650163571321
898.7053894523826,25.69632778439568,65.16813537700627,24,modern,weak,no,3,6,2336.248422423525
653.4987620034774,27.094797342632827,85.73986763290033,15,traditional,weak,yes,15,2,1672.1415922616177
825.0636314005707,25.279173269432096,57.74234336997659,56,modern,strong,no,5,2,3450.758382301166
564.8395851344269,26.23088891154035,55.3562511979018,23,traditional,weak,no,14,4,2102.9486884123166
640.6176741321883,29.01258561842888,72.24451818559972,20,modern,strong,no,18,1,2513.2660234844093
823.6233483042948,25.846216260953703,80.47098302612154,48,modern,medium,no,16,9,3480.5638293185075
888.6159895994492,28.671384224130282,86.83927691457869,18,traditional,strong,yes,6,7,2053.393708072838
820.5641937427964,24.740586290684764,65.4111573713106,35,traditional,strong,no,14,7,2817.3057513276153
786.1222061134112,28.059608355830566,80.78680833431295,25,traditional,weak,no,8,3,2339.4122797498017
763.8675565292854,29.8831372413158,69.61491530499293,14,traditional,medium,no,7,3,1885.565092055346
622.5773611559086,22.05671099974542,68.2737270005918,19,traditional,medium,no,8,1,1950.3396106078071
713.6186949926349,25.406209489059048,78.83659937486672,59,traditional,medium,yes,13,3,3248.842918319225
744.7233474848255,28.15414425436108,76.52322878413419,12,modern,medium,no,6,3,2092.209945094501
926.8546671462699,26.593909227914015,54.236078430157505,22,modern,strong,no,18,4,2675.7598867453953
841.2341947482154,27.742291746742616,84.76540349725896,52,traditional,medium,no,2,4,3269.647773193493
588.435181356472,25.792029626568358,83.80091354147451,58,modern,strong,no,8,3,3489.1262581659958
838.8900763273754,27.1731795749458,63.74437298490471,39,traditional,strong,no,11,8,2950.739762265436
753.790126350042,26.68864552921584,73.95803533437409,54,modern,strong,no,1,8,3303.1668116129654
718.769359963285,29.335564123319614,74.94030186282738,15,modern,medium,no,6,1,2191.1807300264236
873.4011546609041,27.508841686602427,72.60673765823907,26,traditional,weak,no,16,7,2493.7663664593088
923.7199426995141,27.675205324150404,64.4969484615458,54,traditional,weak,no,12,2,3300.129793915778
911.7536142939439,26.176246067755066,63.283766320619485,28,traditional,medium,no,11,1,2558.3419169528893
699.2938972132833,26.024787551855013,69.74445929008554,51,modern,weak,no,10,3,3227.915289716786
762.8945148978543,26.134883624360757,81.72729019259364,44,traditional,weak,yes,3,4,2493.2447972993828
839.7516117684277,27.788904284756594,75.43600154594432,55,modern,strong,no,13,6,3474.1509519234983
917.0654152546831,26.158031038359475,66.29385667913894,35,traditional,strong,no,3,5,2824.0331279621714
742.4990914585652,27.579549713792826,77.71698710648344,14,modern,medium,no,15,4,2363.7874810931535
777.7209228003419,31.15080159729088,41.51457379369924,38,modern,medium,no,16,8,2943.69229412591
667.2398031192766,28.742249406863383,81.48765700372104,46,traditional,weak,no,13,4,3053.1211749841723
656.4552051103195,26.347952935664317,52.60286221221901,29,modern,strong,no,17,2,2533.987512588949
897.5030986873038,29.40242784432789,66.37559058596868,58,modern,medium,no,3,3,3626.4523903158106
962.7488034284987,26.183849253956897,58.803301053738565,30,traditional,medium,no,11,6,2586.9803172255247
791.3587854103599,22.923750929644292,57.053185242790946,19,modern,medium,yes,19,8,2070.663454752567
920.4239477470429,24.98382737816519,81.6082678737852,14,traditional,medium,yes,11,8,1912.8020999565667
843.3963230057161,23.25841615794829,65.32298798688109,45,traditional,medium,no,16,9,3054.6725582967792
722.5856294473851,26.296973031917382,73.46503881730716,15,traditional,medium,no,3,7,1990.6148250633682
843.3674726610096,27.036836758379103,69.53079421120816,35,traditional,weak,no,6,2,2559.2392178601694
984.5643879759164,30.352874624550566,74.77040827223121,13,modern,strong,no,14,8,2558.6874222419046
795.7008753068059,27.653854747528325,70.76821891060256,48,modern,strong,yes,18,7,3284.3626720338107
987.7572386976808,26.56179894238227,57.1700777581143,48,modern,medium,no,17,8,3435.568638290169
485.6305875092307,28.658811162366977,79.9626681944714,59,traditional,strong,no,4,3,3259.6106171677948
898.6283005250268,22.57772938198423,65.06243416838687,44,modern,strong,no,15,7,3201.2246763545086
810.4456481885805,27.47122911621713,54.434181013402494,10,modern,strong,no,11,9,2273.6994305939875
764.1191179440959,28.541730387773935,65.71884839034088,33,traditional,medium,no,3,3,2575.3329240734315
811.0112931842602,24.04282750844032,85.00759790634311,45,traditional,medium,no,3,6,2953.2149511272046
561.4917302478929,29.287508086413858,78.50221742113493,15,modern,strong,no,16,2,2467.5758335817077
773.6393734594985,27.67699281498883,66.5134786559214,50,traditional,strong,no,5,2,2949.1581080383194
842.8535085814095,26.169424172198397,66.50742295681572,55,traditional,medium,no,10,5,3255.198239226222
977.3472853689819,28.26556373221257,66.78364948782617,53,traditional,weak,no,19,5,3295.0061820713067
737.8075738071623,31.54138571560879,90.76747983560841,40,traditional,strong,no,4,7,3282.9768842883004
702.9807676528175,27.36373251011699,73.81935452231554,29,modern,weak,no,19,2,2734.4818654452065
739.7891547698556,27.496441172600672,74.3004164719107,33,traditional,strong,no,11,7,2782.3982003076526
909.8482541242489,26.081278200919513,80.30283454031843,34,traditional,weak,no,2,5,2647.547747079147
839.4501331591621,25.300311261070416,72.38789159026514,45,traditional,weak,no,10,6,3043.2433294437424
736.4287755479553,28.66067163308849,67.40957854179297,30,traditional,weak,yes,11,8,2357.681759851915
861.5920919736027,25.287832348182267,68.03650150915021,39,traditional,medium,no,16,4,3005.064758203593
811.6493059217648,27.143132474438787,69.28398740585936,33,traditional,weak,no,19,7,2695.0181377429253
916.2373988639467,26.044685106469768,69.62777763490159,53,traditional,weak,no,11,6,3183.638487673876
715.7536287347177,27.957959651492782,77.2762954363698,51,traditional,weak,no,14,2,3038.7739294544663
760.6805424082678,27.667324210573895,70.519458858073,39,modern,strong,no,2,8,3042.596830619704
752.9470216241411,29.0750798885158,77.3264007721558,31,traditional,weak,no,5,9,2499.0082410727014
624.3782062241457,25.979967202290506,69.19283419891417,37,modern,strong,yes,5,5,2533.343335723149
835.5344332477491,26.460250129413257,70.7863519031609,16,traditional,weak,no,19,4,2142.391285879939
831.3266326615867,25.042472568435386,50.01799315467892,44,traditional,weak,no,12,6,2954.7546598025233
800.6136147970954,26.111413479847776,79.16327674702481,37,traditional,medium,no,18,8,3053.680863494504
771.8495439949824,27.754600986089706,73.46488475897992,23,traditional,strong,no,4,3,2548.5655555265
630.1555109539503,28.513977233290703,79.98010109859652,19,modern,weak,yes,17,1,2136.174986720378
749.5225612681569,25.15566935164475,41.03744621806311,25,traditional,strong,no,10,4,2303.7095989095947
758.8742580167876,28.739211840211322,90.88374704780728,25,traditional,strong,no,6,4,2561.9872817788428
703.7267276934058,29.7112757176099,68.60410371844826,40,modern,medium,yes,14,1,2677.451914834335
780.6457146000789,27.8268698064474,81.08182816737516,51,modern,medium,no,11,9,3339.192066550731
848.4861028177446,30.753591625116133,59.60094072874469,34,traditional,medium,no,11,3,2787.9023000259804
1026.3423081452636,25.452421601792853,76.12773905062569,22,modern,medium,no,18,5,2642.024641127818
820.9493375398207,24.510690593377166,59.46584436826344,15,modern,medium,no,18,6,2331.2584116194766
830.9060468867317,23.442559502191443,63.76231039304195,53,modern,medium,no,11,8,3482.7530384505985
791.06649010806,29.992088622978365,89.14031353866787,18,traditional,medium,no,12,6,2333.637840914653
569.747454164115,28.308731312708115,68.09317599236654,54,traditional,medium,no,5,3,3274.5371421736218
796.818334946094,26.88883065817909,72.17432873179723,45,traditional,weak,no,9,6,2822.669745695814
807.2276251929231,27.559937252639642,78.70067730688754,52,modern,strong,no,9,1,3583.058182351969
1095.5890534982343,24.749021905403247,74.95681887972604,29,traditional,medium,no,10,4,2729.593582718872
776.9166842262653,31.891503959233653,71.50418905143576,27,modern,medium,no,19,6,2985.910559972226
836.1856810800335,27.258442363950454,73.64961002466225,52,traditional,strong,no,1,7,3148.5085449143717
795.8345876353708,27.218789589209784,94.03415585238275,30,traditional,weak,no,7,3,2757.749415322693
659.7586354856562,28.451533247797386,69.42381202966415,13,modern,strong,no,4,9,2184.1273980173714
937.1387377418025,27.962018463473427,72.01099046714967,59,traditional,strong,no,1,7,3604.243358180227
890.2319639224129,27.447768048558263,80.50654396007612,42,modern,medium,no,15,1,3375.0760080196437
894.9238336451656,25.419051089109377,81.05525932957984,36,modern,strong,yes,8,2,2710.1454118676643
690.8735054246313,27.94293671427199,81.8703030556038,16,traditional,strong,no,12,1,2335.3069891129553
968.3353173123319,30.764048992950066,76.38730222029184,15,modern,medium,no,18,9,2561.07171682571
631.7778724649263,29.690840092309955,58.569950872695166,24,traditional,medium,no,15,9,2540.429437734414
870.4228512560325,30.186373253278795,86.33431532301096,27,traditional,medium,no,17,7,2716.6346793113767
1062.8546750971973,25.97756864713763,58.53654606981312,41,modern,medium,no,14,3,3173.7976065997123
681.1356409843174,25.020790359482838,73.02635465239034,20,traditional,strong,yes,14,5,2114.841035143395
732.0442724476674,26.748426159800704,62.45724149980642,29,modern,strong,no,18,4,2894.911271135908
811.9581638105169,27.111449824577388,69.35861653407008,33,traditional,weak,no,18,7,2903.0446082908625
739.5829215060561,29.188383036941897,73.2876241030348,24,traditional,weak,no,16,9,2398.758635196197
613.9203882720641,23.61507074057036,73.21357215450273,57,traditional,strong,no,1,2,3265.59498597452
808.2275569767232,30.059100638921226,74.21920754235285,16,traditional,weak,no,11,8,2379.240429539636
672.5235543528674,26.683984202842023,86.13711269058646,30,traditional,strong,no,15,9,2799.452716207985
856.8310916762218,26.14623786010516,74.5353430151398,51,modern,weak,no,12,9,3304.6868522715063
689.6690918919436,24.975791249479666,67.55843364709351,35,modern,medium,no,8,7,2568.1060744166975
985.9921286021047,23.690286656268462,79.64087168288357,53,modern,weak,no,6,9,3571.9329454421563
706.0096049196516,28.64634116792383,81.89470488924641,23,modern,medium,no,3,9,2456.5616777640635
761.3526180553189,27.146635934376807,57.72392184863008,46,modern,medium,yes,13,3,2793.228048840823
897.6220660843603,24.420078200517892,75.97400069849859,30,modern,medium,no,13,4,2656.01179873249
652.2962820279254,24.409842455872766,77.01172742310898,27,traditional,medium,yes,2,2,1874.3118364107513
827.2951921524955,26.328430601419743,67.02436496640009,14,traditional,weak,no,5,3,1975.038081474609
956.8571305138914,30.338043050578786,83.75706813311619,12,modern,strong,yes,17,5,2470.447332752965
607.1020118526527,26.48081729727279,68.49944412967473,32,modern,medium,yes,6,5,2401.5869608509747
822.1560630238765,23.99371409376379,71.25576453471542,35,traditional,weak,no,2,6,2482.680525098515
831.1859353098108,26.50851387182811,68.26928175716131,46,traditional,medium,no,4,7,2855.6761884581215
893.8187446132772,26.45455286050466,70.15579047581467,33,traditional,weak,no,11,7,2568.167161766928
651.5659146946302,21.606226714116858,59.037249131047986,58,modern,weak,yes,8,1,2777.5883876862276
641.5452064298868,26.891410266964375,55.59949117405706,28,modern,weak,no,12,2,2448.0348856201313
862.6329878740278,26.538130939582643,85.94505063224972,34,modern,strong,no,8,9,2951.736416791148
835.6381607879823,28.392412729626837,61.53038651681672,30,traditional,weak,no,11,2,2390.4584725440504
830.0591420415052,30.69791218989069,60.08607650543693,21,traditional,weak,yes,8,6,1954.0753872500509
841.573785139637,29.253130059095515,48.466098863962856,50,modern,strong,yes,8,1,2895.357351275872
718.3970334105811,26.46222261889034,63.610382523104974,42,modern,strong,yes,17,3,2928.011728123765
827.8704436593205,24.78694818251666,56.76910206592502,59,traditional,weak,no,16,2,3295.591452071997
835.1686967958417,32.14671960649972,86.4201516013637,13,traditional,strong,no,14,3,2524.557282810487
714.2778298368358,27.118436868028976,80.09817089342634,51,traditional,medium,no,11,5,3134.4397352264373
1023.8929413373708,27.027858583825893,63.118496548222765,16,traditional,medium,no,7,6,2085.5658673888206
856.8599505094145,26.951749825779995,92.52435805344308,31,modern,strong,no,16,9,3088.3667921293354
657.0435803356822,27.39616952153571,79.81765486991594,42,traditional,strong,no,13,4,2926.428683638102
878.7864330360595,26.711279176152114,66.75168616491378,26,traditional,weak,no,15,7,2474.171333350559
683.0381995727214,25.85267598623953,45.005942851264265,33,traditional,strong,no,16,6,2455.9126675420844
894.4501524490943,25.906282117519215,92.90942572590743,43,modern,weak,yes,9,2,2803.80832211165
939.0314694808885,26.934493459568003,56.10427533236404,37,modern,medium,no,3,8,2774.792960559492
701.5181217977947,25.91315045773247,53.546012530431085,52,traditional,strong,yes,19,7,3128.679652594088
915.6051355093186,25.574308434645673,80.2257043200964,50,traditional,weak,no,5,7,3025.9213006364503
849.5337112323798,27.212860455383794,94.39752406339272,48,traditional,weak,no,10,8,3022.3554803042175
898.6472191993388,26.49004556515829,83.84272818510519,31,modern,medium,no,17,1,2913.02087405484
1027.6151579184736,30.007985977165376,75.6390912005236,58,modern,strong,no,15,1,3951.9128843244603
770.5534260796555,21.698060383213978,75.94754341665286,26,modern,medium,no,8,8,2478.910461069265
709.5516602771013,29.183013703844924,78.53415558780307,43,traditional,weak,no,15,4,2895.929770260264
693.2582684449372,29.49217038499526,77.58928589786765,15,modern,weak,no,14,5,2186.5885881977792
702.1027658041475,22.8532195351837,72.81191423969376,55,traditional,strong,no,7,8,3288.6804246288343
790.7477948703075,26.314624811839302,71.04201103951875,15,traditional,weak,no,12,5,1947.0063534326096
840.9382369779972,26.257118268008416,69.37406872100478,43,traditional,strong,yes,17,4,2878.727354010937
833.2028959196023,24.18497661056436,62.46035411133324,10,modern,medium,no,17,6,2235.9676974084523
899.2619898843228,25.44436662481825,67.19324923133226,19,traditional,strong,no,10,5,2224.278464693056
801.5602270253488,24.778848309068344,53.07043185804615,30,modern,strong,no,19,7,2842.4985597127793
974.424089258878,30.504540886847245,69.0166037320525,14,modern,weak,no,14,7,2210.929348672834
768.2411800114453,28.87135678629492,60.11408892849083,11,traditional,weak,no,11,4,1896.7352553762153
1126.4202999907543,29.54311018998832,58.964106827842286,31,traditional,strong,no,2,5,2673.653996853524
875.0800817318008,28.44334412808647,71.79894151153478,57,modern,weak,yes,18,3,3464.868820461563
697.1410932300461,24.74189645756554,83.920022863446,11,traditional,weak,no,7,4,1660.0279684420334
671.4929002326666,25.950959467440452,79.18316606002313,19,modern,weak,yes,12,4,2052.038663468625
857.8966898291823,27.978749122455834,54.29499396376823,43,traditional,strong,yes,2,3,2767.901074018116
773.1844657608979,24.55574438221611,60.10371863429663,25,modern,weak,no,18,5,2372.475220130297
885.6800592910511,28.425996860344775,79.40771187988216,57,modern,strong,no,6,5,3610.778039281443
856.7885149488254,26.51934920368373,60.175126064616904,48,modern,weak,yes,10,7,2810.916158928395
791.2605304811752,26.250358384900807,67.75366850002976,31,modern,medium,no,15,4,2734.9455596464395
698.3847538317914,28.421919936406983,75.50052099024552,21,traditional,weak,no,5,4,2161.7140358973884
618.2183330376963,27.88852662297208,60.31655545136365,33,traditional,weak,yes,3,9,2048.533816150165
746.4182057519574,26.27806766836184,71.0537550614596,56,modern,strong,no,5,6,3381.5852296050734
902.7678553188167,29.318659606728495,56.65974505081795,49,modern,strong,no,8,4,3189.457259921621
825.6912492956245,24.837873344800204,63.98632356048786,47,traditional,weak,no,8,2,3022.2985849270576
650.5113465545614,28.231871213888528,73.19781934142537,19,traditional,medium,no,8,6,2338.982891959099
820.7817111021418,28.186202515936767,54.070062664683306,44,traditional,weak,no,12,2,2902.5670942522825
846.2380855674604,26.38090712137202,74.40474737960399,58,traditional,weak,no,8,5,3236.3463612234377
693.937107655864,27.652266044484236,69.80362201073319,41,traditional,medium,no,11,6,2948.195907050034
818.4470127134633,24.497772847229395,75.52489954417148,16,traditional,strong,no,14,4,2383.51885404283
806.98504621352,28.848054038413803,72.23914134064661,30,modern,weak,no,8,3,2596.9230020583477
662.8435642603253,26.63019572711402,83.64140429973844,29,traditional,strong,no,10,7,2642.653928997057
842.9344832417939,25.95455395896192,71.25224502647907,35,traditional,strong,no,7,2,2879.2898172056593
867.2941431641881,29.098018451673777,65.70594458874747,13,modern,medium,no,17,6,2221.820442170085
929.9661491810332,25.591312618914483,71.22297503032284,55,traditional,medium,no,4,4,3375.763099350741
926.4562462441884,24.18307740727288,75.43298029036387,31,traditional,strong,no,13,6,2770.7848162081386
634.6796758451491,23.886741652952193,70.48860070325705,24,traditional,weak,no,4,4,1919.7278118813135
687.4609952101853,28.212019902691278,70.40591691203882,49,traditional,strong,yes,5,4,2760.715932410697
861.8042320650392,24.439141295007435,62.980083121932445,30,traditional,weak,no,4,4,2234.2935672969256
861.6543141094651,30.509588363968728,63.37099082449052,24,modern,weak,no,18,9,2553.0322378573856
861.8057223567257,22.836141184232556,55.97394728200307,31,traditional,medium,no,6,7,2620.8148909476035
1262.3277788785665,30.392912736580076,87.4957674318694,37,modern,weak,no,2,3,3171.8540530681885
868.50686128318,27.422034934405236,57.56136764608715,23,modern,weak,no,11,3,2498.799929049305
936.2678768216718,26.806573776259214,63.07094802204092,36,traditional,strong,no,14,6,3019.4837708900595
914.4802116191843,25.9101618263821,62.81592734430802,50,modern,medium,no,5,6,3272.09376106771
878.1669501566957,27.798272228704143,78.94924376944441,49,traditional,weak,no,6,4,3085.0873658518854
762.1676906431585,26.924730595150304,67.05050321707972,37,modern,weak,no,10,9,2791.2964784833134
891.0763064591921,29.206603764033044,82.47742072673734,35,modern,medium,no,8,4,2959.586725145846
707.2609742554914,27.22845529732408,63.26509375756132,58,traditional,strong,no,14,9,3384.440821906294
771.5817671911989,27.300603522923755,72.78994162223802,11,traditional,medium,no,3,4,1996.0934539884108
741.7563742605075,26.27277557557229,61.64652946740243,34,traditional,medium,no,12,2,2417.4186548044577
809.8248967263587,26.886108752557867,91.45149127773388,12,traditional,weak,no,16,2,1995.0135104227218
1077.759028000821,27.615603537784118,58.12401580970487,17,traditional,weak,no,17,5,2505.7909797007605
575.9281768889903,23.57966321468675,73.09820710227028,53,modern,strong,no,1,4,3191.258494244963
882.3512228449416,24.303629155788574,76.33776880932099,42,modern,weak,no,10,7,3044.9432053723613
606.4740954572418,28.48652818804543,74.13799097451498,51,modern,weak,no,10,5,3248.0388306846016
743.3681761052679,27.341730876255884,68.14712341122292,44,modern,medium,no,2,6,2839.5573909322534
930.6740716360839,26.632033327294643,68.70179300266574,15,modern,weak,no,9,4,2070.1747378938694
807.7136022914556,27.036867866130788,70.4381147197911,48,modern,strong,no,13,2,3338.06665764156
670.6706266484832,27.695163410723342,68.52997998371511,32,modern,medium,yes,16,9,2498.6194483673635
714.1635548888038,25.920480639381278,79.6387911679491,34,traditional,strong,no,18,7,2897.606105059713
881.5517298721611,25.443390549195374,92.10523001591352,59,traditional,medium,no,19,4,3741.8799285169853
712.3560041939436,27.391690510195364,64.42508214992166,52,modern,weak,no,12,3,3356.2891282569417
825.975030749837,25.043254444769936,56.301970204209226,28,modern,medium,no,8,3,2599.0687923453056
805.4686207884577,27.816505511428943,69.11717951648745,14,traditional,medium,no,17,9,2150.7695091151954
721.807958287302,23.59483279152432,95.79709337654319,20,traditional,weak,no,15,5,2221.4704898908044
1057.273290719039,29.058311274651288,61.963254320302696,21,traditional,weak,no,10,3,2270.6519544010016
876.0702826781613,27.945194964826086,86.39116805444067,19,traditional,strong,yes,15,5,2209.8458212743867
556.9828896010872,27.51205946862775,86.77700814076441,17,modern,strong,no,15,2,2298.8984525692463
822.3745177723313,28.965381967891027,64.46411758292005,33,traditional,weak,yes,7,4,2446.4841767082735
720.5856242277935,30.330948888925153,75.68983079185276,37,modern,weak,no,13,2,2893.483730597708
902.2920001755468,29.02874013003626,86.28396623128538,50,modern,weak,no,17,2,3455.946813202005
704.8975113880759,23.31825153733671,66.20872259012513,45,modern,medium,no,9,8,3083.7729071896356
786.2316270239721,24.440846066528596,67.96419639897638,46,traditional,medium,no,8,1,2963.751489913994
860.5984734776548,25.75036284460864,64.18319086051356,30,traditional,medium,no,18,7,2804.1648606519752
903.8906233004145,27.052182100421668,59.852432693071336,17,modern,weak,no,13,5,2213.274018117362
655.9644311533068,28.035318040938247,63.50722454933993,18,modern,strong,no,16,8,2522.0933639447308
759.8598516990862,25.548512373693068,57.760597332377436,56,modern,weak,no,9,1,3139.5717475201172
743.0065626606853,27.373533528954155,70.34083468259226,24,traditional,medium,no,12,7,2395.962987214583
721.6004920911546,25.489234135293355,62.30026768941358,57,modern,medium,yes,12,5,3199.9205731238335
1011.8545088337316,25.776964394016105,72.33785911790747,55,traditional,weak,no,6,4,3279.7896883420044
848.5978053153146,24.186677806303557,54.44104353796373,49,modern,weak,yes,19,7,3001.1295675897977
648.6939254797946,25.153533507778192,73.30880232214457,27,modern,medium,yes,7,2,2274.0141353086556
910.1434336465732,24.29663078876733,78.33528961608924,51,modern,medium,yes,3,1,2948.9962849461594
1054.658743641516,25.048253494045333,50.062643574285445,29,traditional,medium,no,16,1,2622.24096122759
923.8958312661376,29.10728359321568,73.74056569847572,15,traditional,weak,no,18,1,2159.2955151643346
617.6756040855184,25.101202222336113,82.27668992473292,21,modern,medium,yes,16,5,2496.088113110286
741.8919112560499,32.26476412967478,57.90358981308795,11,traditional,medium,no,7,7,1893.6619466362022
952.0293379023947,27.98663580176178,86.72572386837703,16,modern,strong,no,4,2,2404.513672684102
715.0796641257463,27.369672247389747,74.19019009366045,25,traditional,weak,no,8,8,2385.657001592857
853.2583313775474,25.283284439637573,62.949881442415915,12,traditional,strong,no,13,4,2084.423580481244
892.9560864115205,28.40061975881798,69.44230922342294,54,traditional,strong,no,13,3,3584.302205910489
688.76834341063,25.848724347524453,75.58326912521723,12,modern,medium,no,17,8,2268.454097995542
792.8569572725839,27.244019629290722,70.76005391412411,36,traditional,weak,yes,17,2,2439.0759098646063
411.0479191917113,32.12016907653759,75.38755992446369,59,traditional,medium,no,5,3,3165.6943977556193
677.0734830398852,26.8078802005507,60.79326406920634,52,modern,weak,yes,6,3,2747.4843580172897
769.6918218328208,29.298546652571353,71.69360824036077,49,modern,strong,no,19,1,3482.0219671016494
650.266018164218,25.593647149748225,55.8628550309502,47,modern,weak,no,13,6,2978.9071972137663
995.8893564717962,26.930023019006075,68.88773938651299,42,modern,medium,no,14,2,3137.384646853377
628.3830346447241,30.54160127127102,60.960923585352106,37,traditional,medium,no,4,1,2561.743221120361
747.1946615963619,25.746065884424464,62.64470057410233,10,traditional,medium,yes,7,2,1442.0500882500173
815.688869274331,30.624897115993857,82.36093175210438,17,traditional,weak,no,8,6,2279.306044304633
972.9527946879339,28.41550387091095,80.9131012059427,46,traditional,strong,no,13,4,3466.3835002066894
627.6965418584673,25.875066448211463,76.09138120907177,41,traditional,strong,no,6,6,2784.1436411038153
939.5796502585952,28.264815478111043,59.07687235327421,57,modern,weak,no,6,9,3388.411155972227
801.2279673223504,28.94510889925346,66.83591550305198,52,traditional,medium,no,3,8,3196.610216594727
682.2189618742459,28.24361992443439,82.13097699979184,46,traditional,strong,no,3,1,3146.395269915351
855.4524169115925,23.859550560219088,71.41716913639905,13,traditional,medium,no,13,8,2261.21467345865
823.8871634688164,25.545725648350263,93.19329539981695,39,modern,weak,yes,2,9,2520.9390157237535
727.9739747409446,26.50496272889699,73.93317839394372,15,modern,medium,no,16,6,2437.1800143573773
808.3762501988023,26.851133141799906,71.92049116490031,55,traditional,strong,no,6,5,3365.4955349862616
753.7623683765888,28.241344195101355,66.908835357975,28,modern,strong,no,8,6,2717.4095116718017
813.6220814301498,27.35540200186651,71.33540904782282,41,modern,medium,no,8,6,3102.4295706995904
879.4556809425256,24.3293112825798,68.47530163619456,18,modern,weak,no,6,9,2178.540395356473
990.3220179374423,27.760395702011927,77.0810867668859,21,modern,medium,no,14,4,2774.4766218479635
651.462140140778,28.221171490567645,79.56702316794585,20,modern,weak,no,3,2,2310.5320569125297
1055.964004958752,28.11958089586208,62.140105394920504,55,modern,medium,yes,10,9,3542.7989756206193
565.7494640572997,29.161561451109243,56.68767046442222,25,modern,strong,no,3,2,2186.727780952148
781.78578859573,28.66784430909781,51.637946268967035,10,traditional,weak,no,12,9,1847.6523638113863
870.5980647781491,27.918360158456874,75.07991326912544,54,traditional,weak,no,17,2,3157.6025499008783
833.719024128204,26.859668577082704,58.966333938261265,30,modern,weak,no,5,8,2460.728449515549
725.2760576215287,23.678078132968018,48.471094070475175,39,traditional,strong,no,9,9,2506.3327804716882
775.0253299571269,27.85923643826517,73.88578604530964,22,traditional,medium,no,7,9,2391.6555204300766
740.83988784094,27.41537537432622,94.9299951743279,43,modern,strong,yes,4,9,3029.3923796207455
729.2762291666946,27.54315767439075,69.93929088460106,13,traditional,weak,yes,13,2,1649.8652347551606
901.9522516425229,24.44650284835938,78.38490774451643,37,modern,medium,yes,13,4,2687.911135620253
842.8418583158057,24.837886919183475,70.81829358547564,47,modern,strong,no,10,7,3367.957483735898
716.8508485687215,29.106305706665808,69.01110346808858,40,modern,weak,no,18,2,2896.149933477882
907.95198505199,26.92088969228669,79.19076482987768,36,traditional,weak,no,17,1,2716.1965975495837
836.8759425051932,28.36300139474525,67.09725455811349,14,traditional,strong,yes,13,3,1879.6302459951173
897.5434542606752,27.05663675226092,72.67392314071903,34,traditional,strong,no,17,4,2937.644330231354
875.5554610308335,27.05951227899149,73.21697806196013,12,traditional,strong,yes,4,8,1824.3776555548543
700.5205986893513,28.876567611951995,63.31909546356951,42,modern,weak,no,1,6,2761.0153869241312
732.7782751763636,25.967910543565253,79.92042349536523,13,modern,strong,no,1,2,2185.8081674558225
889.6752326147914,27.192241553881967,68.25040243304592,34,traditional,weak,no,15,9,2850.2316432976936
873.2444318520157,26.075449422589916,62.442548405071555,29,modern,strong,no,13,2,2937.7164680779542
797.4918087243022,26.13100754513537,75.36509843570404,43,modern,weak,no,17,5,3128.954426112638
814.0792859970538,26.38165575306272,61.015320182089624,35,traditional,weak,no,8,4,2565.916197826212
953.319787494611,27.444267543267426,70.28181157369129,14,modern,medium,no,18,7,2501.170916943663
729.0114333397004,26.042502756673045,69.90881003355797,44,traditional,strong,no,13,8,2935.382395423681
865.6516857404046,29.511512251147042,80.85895565831578,37,modern,strong,no,14,5,3196.946329161654
775.7368817079328,25.210785395560993,74.74698232879953,38,traditional,weak,no,8,5,2616.882926305911
773.8782556127336,26.626256711677282,69.74973041254856,18,modern,weak,no,8,2,2124.5194570869676
931.8532222384629,26.12053788345165,78.17766299200287,47,modern,weak,no,15,8,3333.3170731102414
899.0499618785636,29.893955768707464,83.90207549017313,59,traditional,medium,no,13,2,3619.87141463072
897.6211563200766,27.393109553023148,75.57810306351863,15,traditional,medium,no,7,6,2080.692723777596
956.6574568585195,29.06368907893727,70.10352619843381,28,traditional,weak,no,5,8,2485.683291301321
802.5204609959311,24.028879253926057,56.8816376764984,53,traditional,strong,no,17,6,3287.5930103500687
881.8343565553956,27.534100531738517,59.348863369246274,20,modern,strong,no,16,4,2344.60266872255
762.7679892087853,28.779261591246875,66.94775295645333,11,modern,medium,no,2,4,1878.277898101429
838.8999622986131,27.16456797855085,63.90487797840717,56,traditional,medium,yes,18,6,3235.0471594235287
784.3828334758779,29.130960750130704,68.13028697014553,53,modern,weak,no,17,4,3538.089481354279
811.6395157991262,25.965423099799256,70.56649924897107,53,traditional,strong,no,7,8,3091.4043419524896
871.4188430524297,29.81869488037116,75.2969275435673,18,traditional,weak,no,13,9,2233.670677781352
701.8135180119833,31.5977962472385,69.29501221940909,30,modern,medium,yes,18,1,2622.6644802484816
1051.0864730822552,26.27432287912068,74.86501643826202,33,modern,strong,no,14,4,3208.2829699983936
679.2779142200358,26.108994957198455,70.6447441481012,43,traditional,strong,no,18,4,3040.9590122588947
654.2973664654721,29.906768954235403,50.24533433646128,31,traditional,medium,yes,13,2,2168.662234804191
938.9733048200081,30.159144291461423,60.606646061812455,12,traditional,weak,no,11,6,2176.5711740193146
894.9995232755523,25.954279945693465,68.55912444278384,21,modern,weak,yes,16,3,2278.4902056929764
874.8943780462587,26.159626365808286,57.90305257158892,37,modern,strong,no,17,7,3208.5062568094672
875.4014611117136,26.436430782278986,75.99928729996205,39,modern,medium,yes,8,5,2727.1595285633434
798.5303872583703,24.311098977931447,85.30750832343698,35,modern,strong,no,19,4,3228.247177299204
692.3294754217002,25.162696107031604,82.18761851697317,57,traditional,medium,no,15,5,3220.082826692147
809.0965469832472,24.991718466495865,67.86557129069791,30,traditional,weak,no,9,8,2552.7431631392565
718.7405946185465,25.464404869791743,84.90726136849952,37,traditional,medium,no,10,3,2748.415545665271
917.0143680101302,26.930630225226437,71.48667457202112,35,traditional,weak,no,12,7,2759.1480172954934
782.3531142197434,27.46842946507304,66.62914028881961,42,traditional,medium,yes,1,6,2442.4008934696567
700.9403363848986,30.101000985628154,63.8659733645906,30,traditional,strong,yes,9,1,2155.5114535556404
761.4336990016408,25.003291918522418,66.97530313511872,44,modern,weak,no,15,7,3067.5729882262
849.5517745130749,28.968644796953168,66.11823181458772,43,modern,strong,yes,1,7,2949.8345746789864
732.353053663523,26.57202231154898,71.70416222375488,50,traditional,strong,no,12,1,3289.6423280297445
701.3335525320282,26.901072580695136,71.60573981049865,56,traditional,weak,no,3,9,3191.3281417680714
829.2424653790295,28.349638984333208,70.03046020153414,27,modern,weak,no,11,6,2636.5067294270984
829.3959885330468,24.754555956875404,74.3693816974635,20,modern,strong,no,2,2,2272.196977125358
739.1668189554645,27.7648194923681,81.90646274786342,32,modern,strong,no,16,5,3085.0764022119615
743.4754033258013,27.33290441642611,79.49554135441323,57,modern,strong,no,9,4,3521.6588023485365
827.8459924829164,27.9849025280163,55.151020315500965,31,traditional,strong,yes,15,7,2617.867171234094
626.229879020321,27.578337287815636,44.46078865098045,26,traditional,weak,no,12,8,2181.2104295427903
631.1043470748134,31.91060027982179,79.34319911239274,14,traditional,weak,yes,1,1,1603.519687416739
713.7866934497076,25.724520031497367,56.33121301584579,53,traditional,strong,no,13,5,3346.0111436095112
774.3863417945784,25.938006089996364,67.75234598107316,20,traditional,medium,no,14,3,2362.3005193354543
837.3089078717605,25.75371894715047,58.298869739406406,39,modern,medium,no,8,1,2936.0179402581116
977.0427460339463,25.88904576167949,51.9801956241998,24,traditional,weak,yes,8,3,1901.8617560193898
902.9191547842423,25.725225745386965,75.41462728204787,36,modern,strong,no,12,6,3179.5960992323794
780.8073764043887,29.378033062215103,77.59155160302647,44,traditional,strong,no,1,7,2967.523884105023
797.7180550516773,29.84100849597971,64.2348959927328,42,traditional,weak,no,11,8,2980.4156230870303
679.6964762434629,25.858507412501048,44.0895770785509,29,traditional,medium,no,8,4,2132.919599782627
797.7784236809132,25.335288853791543,64.53755551747517,25,traditional,medium,no,10,3,2328.692602677918
765.3609633295835,27.942831112772808,73.91804005402547,43,traditional,medium,no,19,5,3030.5742865727666
838.7262272405708,25.895553911438057,55.21088431225871,11,modern,weak,no,11,9,2119.1948013792
700.7322867737213,28.26586363551102,71.83359919779156,44,modern,medium,no,7,6,3191.441318172312
862.3215817089407,27.4058460417026,69.84690150827005,49,modern,weak,no,11,9,3309.6440287799596
983.9286695603093,23.968511770005534,75.79291499601088,37,traditional,weak,no,17,6,2890.302926510139
786.948782185177,30.095010402660122,71.19580368414154,56,traditional,strong,no,1,2,3415.46620803313
848.205406651873,30.591755346191043,60.26931059118444,48,modern,medium,no,8,5,3394.2163918657784
882.8172790053335,25.774422619031228,81.96571501664491,15,traditional,weak,yes,6,9,1838.7385123332654
751.8535433736996,26.224596880128033,68.4147042697303,18,traditional,medium,no,18,8,2257.710052480634
826.89109781725,27.57173078144981,69.72695460490068,29,modern,medium,no,6,7,2740.9307959878984
801.5110880938154,27.66891357997405,60.667320409268044,10,traditional,strong,no,5,1,1736.7487893927432
811.7211318258599,28.317088545345662,65.5671774880849,17,modern,medium,no,13,4,2467.175491398736
707.238825937344,31.020409077532697,61.15197285973099,32,traditional,strong,no,19,7,2794.492646467544
802.9412209110732,26.646105545011903,68.27053940076577,12,modern,weak,no,8,7,2032.016753823466
859.759794949454,25.403405510923093,87.11708480142343,13,traditional,medium,no,9,6,2236.1145435070825
974.137232935405,24.241361543970946,56.28098857068643,34,traditional,weak,yes,17,8,2414.163561855125
915.1124991302248,25.538139920116162,53.86438602123259,56,modern,medium,no,3,6,3428.8931158441014
1058.3818949013867,26.933746054252406,84.71170327493608,47,traditional,weak,no,19,3,3436.1534498080023
707.9182924534341,30.589115727035576,67.90676322848134,24,traditional,medium,no,11,4,2412.070415159929
904.6784764064814,25.964777401927655,63.309272613400836,30,modern,medium,no,17,3,2844.793812531917
822.0010406886022,27.447575903277798,80.39904687396077,44,traditional,medium,no,19,1,3147.203789454149
1062.7763519861207,26.967154207854495,63.94384460263136,55,modern,medium,no,2,5,3488.287918068291
703.0042057573818,29.376786546896167,88.26009713546937,23,traditional,medium,no,8,1,2258.9982620746964
699.2333789383068,32.05386485174724,76.7792587133927,45,traditional,medium,no,19,1,3160.139809309085
728.0728825467173,25.938262454159357,65.12088591854297,21,traditional,medium,no,7,2,2007.3928475056805
545.1325130828232,26.021121114963556,91.57308213265503,26,traditional,medium,no,17,4,2390.4906183595003
736.9093973983087,29.088321754138143,63.94285076996662,48,modern,medium,no,6,6,2983.331425304365
708.9040806135563,28.363782979252623,77.42095372009307,18,traditional,weak,no,19,8,2311.11569190414
818.0472543771449,30.693414651472068,72.99292580406492,44,modern,strong,yes,6,3,3178.821491213794
841.0107170932591,28.16785637065193,83.01741289398798,22,traditional,medium,no,2,1,2237.440048624877
1025.1405007059063,26.28141581842588,85.61511196726853,24,traditional,strong,no,6,3,2705.301535685642
914.050860582326,28.181309661384617,70.32004149065767,27,traditional,medium,yes,5,3,2341.226198632068
730.7715613205116,29.217407161165816,62.46582129653817,42,traditional,medium,no,19,5,2910.226463063487
692.1902394381971,28.64096436239473,74.59972142939117,15,modern,weak,no,4,4,1962.7526462886863
859.0303005807807,28.014548062214594,63.22284630247894,36,modern,weak,no,17,4,3015.903181940376
641.572015157523,29.13334937917831,90.13387247526623,32,modern,strong,no,11,9,2974.045422755226
1019.7750519025225,29.338591180891346,71.36535331082737,36,modern,weak,no,4,7,2786.384734698418
941.5328144865545,29.764317982075056,66.34678448687892,43,traditional,weak,no,13,4,2953.2540120749677
743.6989217474354,28.297419775179286,71.84680305864909,55,modern,strong,no,17,3,3698.367788326499
594.4238565090947,26.665763839366292,56.52873710470303,47,modern,weak,no,9,6,2848.2196088058145
962.4646848998495,27.293427372866645,60.28385961489349,23,traditional,medium,yes,4,3,1777.3129699282708
786.2552185696859,29.413017933016715,82.00413907944426,45,traditional,strong,no,14,6,3257.8328674785835
948.5379574368154,25.366128658025527,63.43105721028604,17,traditional,strong,no,19,9,2454.5013142885105
608.668680944676,27.737346617745803,59.5308901731806,44,traditional,medium,yes,3,6,2493.5252352020575
728.0749972455473,26.213322375345278,75.36652752527286,28,modern,weak,no,14,4,2703.8324208095514
800.629243966182,27.057489645869634,81.85704154662997,39,modern,strong,yes,8,5,2876.164826820156
805.637671251769,29.556903725214596,77.18953310665067,23,traditional,strong,no,1,6,2449.7620782311774
745.9921434224908,27.382198136039808,79.96047685805816,29,traditional,medium,no,10,3,2650.595330429523
874.7419918816998,27.092873096312296,62.43204911430539,58,traditional,medium,no,18,8,3569.897304210369
671.8855484740886,24.28028771804016,55.78189333258156,34,modern,weak,no,16,4,2831.2986246371743
782.9144617974448,28.492507132054442,85.01333651955487,49,modern,strong,no,8,8,3358.2946729194296
814.4354758054278,28.29096836228215,66.77320161157864,33,traditional,weak,yes,1,3,2079.9318894760086
861.7326600870499,31.32650944661092,67.49166983544953,23,traditional,weak,no,12,7,2482.4239749887774
885.3937853706668,26.384443530094,83.28194141849058,35,modern,medium,no,8,9,3110.766202210597
665.0429489794557,27.43830065532788,75.5623000940066,47,traditional,strong,yes,16,4,2945.5237832774014
615.9062995117254,27.49876736742151,74.55887772081607,32,traditional,strong,no,18,8,2701.2513985806054
953.321218627821,30.15490655952695,91.65002344901083,31,modern,strong,no,4,3,3179.439938134821
839.877681437551,26.809408935226095,63.564817696198574,57,traditional,medium,yes,6,7,2998.701986567614
710.1816156132136,27.55804305154068,79.27840128081237,28,modern,medium,no,12,3,2707.5672819161014
986.1382370627027,28.21579301943308,70.57013124897084,55,traditional,medium,no,9,7,3595.2646400059157
813.880956115143,27.373218246312717,72.68592278863257,12,traditional,medium,yes,15,6,1850.062030196401
941.5156620876592,26.107132770898943,85.28468426412532,51,modern,medium,no,16,2,3491.2626902655297
808.1022177692131,27.388179985796615,75.07835756289624,28,modern,strong,no,12,3,2752.647943988975
1047.2897509858385,29.147263499719543,75.38296079049633,18,traditional,weak,no,14,6,2488.389050195852
1010.6409010931845,24.94696940117788,80.72507337309803,37,modern,strong,no,13,4,3309.964066065225
770.1243021825112,27.265939348293752,66.35047270457115,29,traditional,weak,yes,2,6,2052.5182709744504
916.5885141145227,25.599758370121652,61.607903326609936,54,traditional,medium,no,3,1,3333.29601781117
877.4451139502177,29.390093257849685,59.55190805978967,16,modern,weak,no,10,1,2205.225129753085
964.2357869038818,23.953626190432452,50.33643410623998,23,traditional,strong,no,9,3,2493.529487898995
684.2091847303875,25.882156305456824,90.56207129940321,18,traditional,strong,no,8,8,2277.778833019291
882.3261751998127,27.754423750129043,58.96791634278317,28,modern,weak,no,10,8,2832.6994152069406
927.0109384219505,30.131048058468682,67.78746376414227,56,modern,medium,yes,19,4,3659.7779846012268
588.9512616292263,26.868499477854023,67.2318670011108,23,traditional,medium,no,3,6,2109.1026179873184
658.008978480107,25.889600946613605,73.07406697809101,47,modern,strong,no,5,8,3336.4217617824916
555.292138668788,30.76231413888118,78.15737212539297,45,modern,weak,no,3,7,3092.606475723063
767.6711798666531,24.10397219916751,78.60473488359746,49,modern,medium,no,16,7,3521.009933950594
886.1050706955155,22.602388086759838,64.16922561431062,26,modern,medium,no,17,4,2381.3582986520287
980.2828462515233,27.880028900106666,68.32878286213588,39,traditional,strong,no,15,9,3244.34934499281
808.891373650373,25.99589155129478,72.825799504883,18,traditional,medium,no,3,6,2168.611529671108
995.433865468555,24.957534365738574,67.51308873816453,42,traditional,weak,no,12,3,2951.083778381072
634.387825014213,28.416712894598707,86.07345576019992,34,modern,strong,no,9,5,2956.1688750412914
595.5941072773815,27.487601427542398,74.90974951638252,23,modern,strong,no,12,5,2576.438368450642
793.3342761324058,25.871842738526542,77.34877786049817,20,modern,weak,no,15,5,2533.495340282273
846.0878538727169,24.43939120265821,76.62881268667412,44,modern,strong,no,2,8,3213.531937179502
796.0766302287088,28.74491465656029,81.73473857485325,50,modern,medium,yes,18,9,3342.908608515934
551.9069479952148,28.30040235591732,71.81021558703706,23,modern,medium,no,12,9,2580.1413953342226
789.3055952584654,26.801648272441234,57.03168052044153,39,modern,weak,yes,4,6,2526.5773430472987
643.4636599394177,30.69327399209533,73.99687951752642,50,traditional,medium,no,16,6,3321.284916128527
880.3607058596046,24.859830467347695,63.48643106208171,13,traditional,weak,no,16,9,2249.548899054248
843.9917895316217,23.94894965815052,64.71383318250243,13,modern,weak,yes,1,4,1610.4951615395307
687.2144256407173,25.616183860237513,75.86364018755093,37,modern,medium,no,2,6,2602.3994996868114
738.3359699195968,26.908827967289003,82.38283071433636,17,modern,weak,yes,3,4,1895.3286459682997
672.8943773733258,27.486678898645383,70.21271576736062,11,traditional,medium,no,17,1,2020.9881177294028
792.4785083272194,26.51752788428734,73.08833012598964,50,traditional,strong,no,1,7,3228.432216257746
914.6170784601486,27.704110793028594,87.02214944635239,55,modern,strong,no,6,6,3698.694801634619
681.7128744397347,24.496921151619112,72.40753179488568,31,modern,weak,no,15,9,2731.5157310679074
860.4855818621413,29.887529208146518,96.01683114180395,50,traditional,medium,no,14,7,3724.587757016392
736.3690857953071,26.835697643214864,75.65509645631545,25,traditional,medium,no,15,7,2581.9623185107594
704.8552601285187,29.234591663176253,52.39237240844182,38,traditional,strong,no,14,2,2937.2983814879917
787.156356805453,27.68545069275541,77.53341621104532,58,traditional,strong,no,5,9,3505.716768221363
675.7709213096751,27.913506438307568,73.81158384882778,57,modern,medium,no,6,9,3334.264891845365
733.5620833583382,28.13953456046441,82.89752754082745,39,traditional,weak,no,17,6,2672.604420215454
656.2546528893382,27.89541712003463,76.73181351269959,21,traditional,strong,yes,11,3,2058.452143484222
1035.7670159499667,28.285445519735088,68.61544016016227,44,modern,weak,no,16,1,2992.209155168981
804.2316262366074,29.658305060264862,57.757017637106344,20,traditional,weak,yes,12,4,1985.8450676347209
716.0329390408897,27.39304233940294,67.90976742713974,55,traditional,strong,yes,15,3,3133.747748905806
825.6775892881067,28.418007515177024,61.494795457907,59,traditional,weak,no,4,1,3079.903194518415
786.5206340371004,26.820528611425548,64.19476550195277,30,modern,weak,no,18,3,2692.3841921553976
773.4836480560133,29.880234430898945,75.88578404420609,30,traditional,medium,no,3,4,2452.260578308437
873.700004005211,25.64721539588146,86.69904504351406,14,modern,weak,no,8,8,2285.737160903403
890.9009252056766,30.60188086582163,73.9467152982298,57,modern,medium,no,3,9,3682.074381913238
736.3398622867367,26.919684098711315,58.04116937964815,29,traditional,strong,no,8,3,2420.220029945665
730.9018111226384,24.138449795763904,74.4460266822014,46,traditional,strong,no,18,6,3179.812097890836
766.9937963418027,27.256208829821578,81.96631486645651,12,traditional,medium,no,10,5,2096.6416041176176
523.7694602317298,25.637896685050237,63.90217095680618,53,traditional,strong,no,17,6,3110.826243269831
618.1770725361737,28.68128709797745,68.65982833327082,42,modern,weak,no,8,4,2879.311879435309
964.0249120933429,25.69475204139522,70.14688194729197,18,traditional,weak,no,11,6,2064.9425330124304
997.3961256201541,26.10763313357044,62.151016869177596,18,traditional,weak,no,5,7,2172.917120344676
770.1156752532346,23.22091853810894,76.4828043384386,13,traditional,strong,no,13,9,2140.3854313434927
869.186835566692,26.095387361501846,68.79051851392218,44,modern,weak,no,5,7,2858.71816773524
837.3500185452243,22.152241346742088,74.19532443907028,26,traditional,strong,no,13,6,2493.434100343245
1169.4656970146284,23.832194353028555,61.125078221978995,43,traditional,weak,no,6,1,2820.181238259899
934.3489893721492,28.520829312288594,65.62541699676589,33,modern,medium,no,5,2,2901.005153191585
784.649889022308,28.571600317301666,77.22381357827771,41,modern,strong,no,9,1,3170.671477579386
685.3351471279489,27.85091512356993,66.27166847908234,10,traditional,strong,no,16,9,2033.949987387066
607.2264415690913,25.066047713741575,87.26963851233405,17,traditional,weak,no,2,9,2096.911640498005
824.4156363040668,26.90457728771604,66.00363814385398,54,traditional,strong,no,1,7,3330.408158407087
709.2379105658836,26.992794921818863,72.24684725751887,32,traditional,strong,no,8,2,2593.0006442055355
629.329554848279,24.683270621614916,79.3259083187309,56,traditional,medium,no,19,6,3237.509268365418
722.4112538908968,30.0067966035343,55.816342670669684,49,modern,medium,no,11,4,3195.2050398105534
670.2142395662726,28.754724581151343,52.39191188019224,21,modern,weak,yes,12,1,1937.1312862979846
1002.4569962087078,26.558071652340672,54.74343685429905,21,traditional,medium,no,12,1,2363.256048188559
905.796770833934,27.05377167798906,82.62584103427182,55,traditional,weak,no,7,5,3363.4083521974662
799.0432830420059,27.416765615895105,64.48141854107553,56,modern,weak,no,13,2,3475.826584389557
977.5932966668031,22.91653026315142,95.58199285668252,24,traditional,weak,no,8,4,2241.649804462668
809.2841969177142,26.505645234958806,64.35752401342612,50,traditional,strong,no,9,1,3203.3215250332596
696.6458958406083,25.636031504004404,71.84551303197037,28,traditional,medium,no,7,4,2358.974150219484
982.7748892723589,24.996759980210168,85.42109952567876,35,traditional,weak,no,15,6,3119.503358413
864.669205242159,26.437799414228092,90.06092888159122,38,traditional,medium,no,2,4,2814.3315997474506
675.5304614808252,30.595373053699046,90.61503576636397,31,modern,weak,no,12,1,2678.035596948159
777.1593586299671,28.28168572253402,82.08366230593143,49,traditional,medium,yes,1,7,2858.3845268300092
694.9258095938292,25.857642020434405,80.24062525811462,30,traditional,medium,yes,8,2,2224.454623654482
634.0640322842796,28.145165562712318,75.92526949201184,47,traditional,weak,no,5,9,2699.0641473697715
